{
	"name": "jQuery-dimensions",
	"version": 1.1.2,
	"author": [
		"Paul Bakaus <paul.bakaus@googlemail.com>"
		"Brandon Aaron <brandon.aaron@gmail.com>"
	],
	"abstract": "Extends jQuery to provide deminsion-centric methods for getting widths, heights, offsets and more.",
	"license": "mit, gpl",
	"distribution_type": "plugin",
	"requires": {
		"jQuery": ">=1.1.3"
	},
	"provides": {
		"jQuery.Dimensions": {
			"version": 1.1.2,
			"file": "jquery.dimensions.js"
		}
	},
	"keywords": [
		"offset",
		"position",
		"width",
		"height",
		"scroll"
	],
	"stability": "Official",
	"meta-spec": {
		"version": 1.3,
		"url": "http://module-build.sourceforge.net/META-spec-v1.3.html"
	},
	"generated_by": "Brandon Aaron"
}
